
Angel Ya Qi Chen<Angel.Chen@damco.com>
Dream Dong Mei Jiang<dream.jiang@damco.com>
Ada Yi Nan Gao<YiNan.Gao@damco.com>
Lina Xiao Hu<Hu.Xiao@damco.com>
Vicky Zhong Jie Huang<Vicky.Huang@damco.com>
jacky yang<jacky_yang@Sercomm.com.cn>


Lynn Ling Ling Liu<Lynn.Liu1@damco.com>
Jane Man Jing Su<Jane.Su@damco.com>
David Bo Wu<David.Wu@damco.com>
Helen Jia Yu Yang<Helen.Yang@damco.com>
Stella Jing Yuan<Stella.Yuan@damco.com>
Alec Bin Zhou<Alec.Zhou@damco.com>

sma@worldnetlogistics.com<sma@worldnetlogistics.com>
snooky_sh@163.com<snooky_sh@163.com>
sop12@lamcsc.com<sop12@lamcsc.com>
speedwu@cargofe.com.cn<speedwu@cargofe.com.cn>
Sshanshan@ups.com<Sshanshan@ups.com>
StefanZhang@cdsxiamen.com<StefanZhang@cdsxiamen.com>
stella.zhu@dbschenker.com<stella.zhu@dbschenker.com>
stephy.gong@acaint.com.cn<stephy.gong@acaint.com.cn>
steve.chen@expeditors.com<steve.chen@expeditors.com>
STJHMARKET@STJUNHUA.COM<STJHMARKET@STJUNHUA.COM>
SULK@DONGBU.COM<SULK@DONGBU.COM>
summercai@cdsxiamen.com<summercai@cdsxiamen.com>
summerliu.sha@cn-asgroup.com<summerliu.sha@cn-asgroup.com>
sunny.ruan@cn.yusen-logistics.com<sunny.ruan@cn.yusen-logistics.com>
sunny.sun@operasia.com<sunny.sun@operasia.com>
sunny@yichen2002.com<sunny@yichen2002.com>
sunny_gu@apllogistics.com<sunny_gu@apllogistics.com>
sunnylin3000@126.com<sunnylin3000@126.com>
sunnyshi.sha@jadyinternational.com<sunnyshi.sha@jadyinternational.com>
SunnyTangRJ@lflogistics.com<SunnyTangRJ@lflogistics.com>
sunqing@sinotrans-mingzhou.com<sunqing@sinotrans-mingzhou.com>
sunxiabin@sinowaychina.com<sunxiabin@sinowaychina.com>
superyzyyj@126.com<superyzyyj@126.com>
susan.shi@asiantigers-china.com<susan.shi@asiantigers-china.com>
Susan.wang@cn.rhenus.com<Susan.wang@cn.rhenus.com>
suxingyuan@sinotrans.com<suxingyuan@sinotrans.com>
swallow-shcn@ifbgroup.net.cn<swallow-shcn@ifbgroup.net.cn>
sweety.liu@xm.de-well.com<sweety.liu@xm.de-well.com>
syclin@caleres.com<syclin@caleres.com>
szhou@betalinkasia.com<szhou@betalinkasia.com>
szn-op21@ownerslogistics.com<szn-op21@ownerslogistics.com>
szop@awstrans.com<szop@awstrans.com>
takuya.lou@waysglobal.com<takuya.lou@waysglobal.com>
tan.meifang@samsung.com<tan.meifang@samsung.com>
tangyi@nj.de-well.com<tangyi@nj.de-well.com>
Eric Tao Qiu<tao.qiu@lns.maersk.com>
taojiaying@topideal.com.cn<taojiaying@topideal.com.cn>
tfan@aitworldwide.com<tfan@aitworldwide.com>
th-seaimport@th.hellmann.net<th-seaimport@th.hellmann.net>
tianmiao@elslogistics.net<tianmiao@elslogistics.net>
tiffany.liu@unitedforwarding.com<tiffany.liu@unitedforwarding.com>
tina.huang@rexon.com.tw<tina.huang@rexon.com.tw>
tina.yang_sha@headwin.com.cn<tina.yang_sha@headwin.com.cn>
tina.zhu@tijsha.com.cn<tina.zhu@tijsha.com.cn>
tina@ever-star.net<tina@ever-star.net>
tina_ngb@qrtrans.com<tina_ngb@qrtrans.com>
tingting.fu@cn.rhenus.com<tingting.fu@cn.rhenus.com>
tingting su<tingting.su@dtw.com.cn>
titus.zhu@vanguardlogistics.com<titus.zhu@vanguardlogistics.com>
tonychen@cargofe.com.cn<tonychen@cargofe.com.cn>
toscwb@sinotrans.com<toscwb@sinotrans.com>
tpmaersk@163.com<tpmaersk@163.com>
TPMSK2@CNNBTP.CN<TPMSK2@CNNBTP.CN>
tracy.chen.sha@seaairlogistics.com.cn<tracy.chen.sha@seaairlogistics.com.cn>
Tracy.Chen@logwin-logistics.com<Tracy.Chen@logwin-logistics.com>
tracy.gong@jas.com<tracy.gong@jas.com>
tracy.luo.ngb@blulogistics.cn<tracy.luo.ngb@blulogistics.cn>
tracy.zhan.sha@wsalines.com<tracy.zhan.sha@wsalines.com>
tracy@china-prudence.com<tracy@china-prudence.com>
tracy@marunexp.com<tracy@marunexp.com>
trista.huang_fcl@shanghai.eurasia.com.cn<trista.huang_fcl@shanghai.eurasia.com.cn>
tsingb@translinkshipping.cn<tsingb@translinkshipping.cn>
twins.tu@expeditors.com<twins.tu@expeditors.com>
txy@shwl-logistics.com<txy@shwl-logistics.com>
tyler.zhang@cn.yusen-logistics.com<tyler.zhang@cn.yusen-logistics.com>
TZWYNBMSK@SINOTRANS.COM<TZWYNBMSK@SINOTRANS.COM>
uanbocs03@united-atlanta.com<uanbocs03@united-atlanta.com>
uashcs03@united-atlanta.com<uashcs03@united-atlanta.com>
UPSXMNOCEAN.SEARS@ups.com<UPSXMNOCEAN.SEARS@ups.com>
v.xie@cnworldwide.com<v.xie@cnworldwide.com>
v007008v@163.com<v007008v@163.com>
vanessa.zhu@weiss-rohlig.net<vanessa.zhu@weiss-rohlig.net>
vanilla.song@hz-hebang.com<vanilla.song@hz-hebang.com>
vanillajun@163.com<vanillajun@163.com>
varian.pang@e-skytrans.com<varian.pang@e-skytrans.com>
vcn@ngb.norgistics.com<vcn@ngb.norgistics.com>
verajiang@cargofe.com.cn<verajiang@cargofe.com.cn>
vicky.xue@giti.com<vicky.xue@giti.com>
vicky@express-global.com<vicky@express-global.com>
vicky_yu@apllogistics.com<vicky_yu@apllogistics.com>
vicky-sh@sz-patent.com<vicky-sh@sz-patent.com>
vickywang-sha@gotoubi.com<vickywang-sha@gotoubi.com>
vickyzhao@overseastransport.cn<vickyzhao@overseastransport.cn>
vicodin.wang@sh.de-well.com<vicodin.wang@sh.de-well.com>
vidazhong-sha@gotoubi.com<vidazhong-sha@gotoubi.com>
vincent.tan@blulogistics.com<vincent.tan@blulogistics.com>
vincy.cao@cn.yusen-logistics.com<vincy.cao@cn.yusen-logistics.com>
vinicawang@transfre.com<vinicawang@transfre.com>
violacao_sha@zh-logistics.com<violacao_sha@zh-logistics.com>
vivi.sha@unionpower.com<vivi.sha@unionpower.com>
vivian.chai@oocllogistics.com<vivian.chai@oocllogistics.com>
vivian.sun@cn.yusen-logistics.com<vivian.sun@cn.yusen-logistics.com>
vivian.yang@onezenith-logistics.com<vivian.yang@onezenith-logistics.com>
vivianlu@weltran.com<vivianlu@weltran.com>
vivien.ge@Kuehne-Nagel.com<vivien.ge@Kuehne-Nagel.com>
vivienne.yang@pinnaclegl.com<vivienne.yang@pinnaclegl.com>
vivienne<vivienne@gcforwarding.com>
vivy huang<vivy.huang@expeditors.com>
vzhang.sha@speedmark.com.cn<vzhang.sha@speedmark.com.cn>
Wallace Wong<wallace.wong@geodis.com>
wanan116@126.com<wanan116@126.com>
wanbl@midea.com<wanbl@midea.com>
wanggang@dfshv.com<wanggang@dfshv.com>
WangHeFeng@kerryeas.com<WangHeFeng@kerryeas.com>
wangjian@nj.de-well.com<wangjian@nj.de-well.com>
wangmenghuan@sinotrans.com<wangmenghuan@sinotrans.com>
wangtiechen@aliyun.com<wangtiechen@aliyun.com>
wangxiaoqun@penavico-ccl.com<wangxiaoqun@penavico-ccl.com>
wchen@jpwindustries.com<wchen@jpwindustries.com>
wei.lv@sdsmartlogistics.com<wei.lv@sdsmartlogistics.com>
Wendy.li@oocllogistics.com<Wendy.li@oocllogistics.com>
wendy.lou.nb@herport-asia.com<wendy.lou.nb@herport-asia.com>
wendy.lu@tijsha.com.cn<wendy.lu@tijsha.com.cn>
wendy.ngb@cglhkg.com<wendy.ngb@cglhkg.com>
WenJie.Wu@kerryeas.com<WenJie.Wu@kerryeas.com>
weyu@scangl.com<weyu@scangl.com>
whp-opt2@p-shipping.com<whp-opt2@p-shipping.com>
whp-service5@p-shipping.com<whp-service5@p-shipping.com>
winniedong@cargofe.com.cn<winniedong@cargofe.com.cn>
winniehuang@egi-freight.com<winniehuang@egi-freight.com>
wjl-nb@flyfarther.net.cn<wjl-nb@flyfarther.net.cn>
wlba@oitco.com<wlba@oitco.com>
wlbb@oitco.com<wlbb@oitco.com>
wlbe@oitco.com<wlbe@oitco.com>
wlbg@oitco.com<wlbg@oitco.com>
wsl1.ngb@syntrans.com<wsl1.ngb@syntrans.com>
wsl1.sha@syntrans.com<wsl1.sha@syntrans.com>
wsl1.xmn@syntrans.com<wsl1.xmn@syntrans.com>
wuc@delmarchina.com<wuc@delmarchina.com>
wuchunyan@lflogistics.com<wuchunyan@lflogistics.com>
WUHANOPteam@apexshipping.com.cn<WUHANOPteam@apexshipping.com.cn>
wujun@wetranslogistics.com<wujun@wetranslogistics.com>
wulq527@163.com<wulq527@163.com>
wuyj@sea-win.com.cn<wuyj@sea-win.com.cn>
wuzhen@sinowaychina.com<wuzhen@sinowaychina.com>
wwwpreprn<wwwpreprn.china@lns.maersk.com>
wyan3@ups.com<wyan3@ups.com>
wyq1230@hotmail.com<wyq1230@hotmail.com>
wzz@ctsfreight.com<wzz@ctsfreight.com>
XIAMEN@BVLOGISTICSINC.COM<XIAMEN@BVLOGISTICSINC.COM>
xiamen@cntrans.cn<xiamen@cntrans.cn>
xiamen@usimhk.com<xiamen@usimhk.com>
xianghao@dlgil.com<xianghao@dlgil.com>
xiaoqq1@midea.com<xiaoqq1@midea.com>
xiasiqi@shgoldenhope.com<xiasiqi@shgoldenhope.com>
xiating_sha@zh-logistics.com<xiating_sha@zh-logistics.com>
xieruijing@foxmail.com<xieruijing@foxmail.com>
xin.sun@chasenshipping.com<xin.sun@chasenshipping.com>
xj.li@ctsfreight.com<xj.li@ctsfreight.com>
xlj@greatrichwell.com<xlj@greatrichwell.com>
xmn.jessie@ffc-international.com<xmn.jessie@ffc-international.com>
XMN.MAGGIE@FFC-INTERNATIONAL.COM<XMN.MAGGIE@FFC-INTERNATIONAL.COM>
xmnexport@united-win.com<xmnexport@united-win.com>
xmnexports@blulogistics.cn<xmnexports@blulogistics.cn>
xmn-fannyzhang@parisigs.com<xmn-fannyzhang@parisigs.com>
xmn-jennyli@parisigs.com<xmn-jennyli@parisigs.com>
xmnservice@hubchina.com.cn<xmnservice@hubchina.com.cn>
xmy0011@126.com<xmy0011@126.com>
xuanya.chen@pantos.com<xuanya.chen@pantos.com>
xueyun@ups.com<xueyun@ups.com>
xuhuimin@oriland.com.cn<xuhuimin@oriland.com.cn>
Xuliying@oriland.com.cn<Xuliying@oriland.com.cn>
xusy@ettrans.com<xusy@ettrans.com>
yan12.chen@annto.com.cn<yan12.chen@annto.com.cn>
Yangchao@jingyun-logistics.com<Yangchao@jingyun-logistics.com>
yangli@crownshipping.com<yangli@crownshipping.com>
yangvicky@vip.163.com<yangvicky@vip.163.com>
yangxiuqing@chasenshipping.com<yangxiuqing@chasenshipping.com>
yangyiqing@sinotrans.com<yangyiqing@sinotrans.com>
yen.yuan@cn.yusen-logistics.com<yen.yuan@cn.yusen-logistics.com>
yeye.ye@pacific-link.com.cn<yeye.ye@pacific-link.com.cn>
yingjuan.zhou@fuyaogroup.com<yingjuan.zhou@fuyaogroup.com>
yiran.deng@swlogistics.cc<yiran.deng@swlogistics.cc>
yiwu_export@hotmail.com<yiwu_export@hotmail.com>
yiwuwooyoung002@qq.com<yiwuwooyoung002@qq.com>
yl.sh@tjanhai.com<yl.sh@tjanhai.com>
ylee1@ups.com<ylee1@ups.com>
YLSHA_OCMD_TEAM1@CN.YUSEN-LOGISTICS.COM<YLSHA_OCMD_TEAM1@CN.YUSEN-LOGISTICS.COM>
YLSHA_OCMD_TEAM2@CN.YUSEN-LOGISTICS.COM<YLSHA_OCMD_TEAM2@CN.YUSEN-LOGISTICS.COM>
yokeyxu@cargofe.com.cn<yokeyxu@cargofe.com.cn>
yolandahe@blmg.com.cn<yolandahe@blmg.com.cn>
yoyo.ye@tijsha.com.cn<yoyo.ye@tijsha.com.cn>
YoyoChenZY@LFLogistics.com<YoyoChenZY@LFLogistics.com>
yt_mar@sinotrans.com<yt_mar@sinotrans.com>
ytdczx15@sinotrans.com<ytdczx15@sinotrans.com>
yu.chen@wtashanghai.com<yu.chen@wtashanghai.com>
yue@wel-group.com<yue@wel-group.com>
yujenny@ups.com<yujenny@ups.com>
Yuki.gao@cn.rhenus.com<Yuki.gao@cn.rhenus.com>
yuki@gcforwarding.com<yuki@gcforwarding.com>
yukis@haodalog.com<yukis@haodalog.com>
yulili@ettrans.com<yulili@ettrans.com>
yunwueasy@yunwu.com<yunwueasy@yunwu.com>
yuri.liu@caseshipping.com<yuri.liu@caseshipping.com>
yuting1.chen@samsung.com<yuting1.chen@samsung.com>
Yvonne.Wang@logwin-logistics.com<Yvonne.Wang@logwin-logistics.com>
yvonneyan@scanwell.com<yvonneyan@scanwell.com>
zara.zhang@expeditors.com<zara.zhang@expeditors.com>
zero.liu@weidafreight.com<zero.liu@weidafreight.com>
zero@sylog-sh.com<zero@sylog-sh.com>
zff@js-chinaarts.com<zff@js-chinaarts.com>
zhang-ji@sinotrans.com<zhang-ji@sinotrans.com>
zhangjun@oitco.com<zhangjun@oitco.com>
Zhangliping@ontime.sh.cn<Zhangliping@ontime.sh.cn>
zhangqiuyan@iplinternational.com<zhangqiuyan@iplinternational.com>
ZhangWeiZ@LFLogistics.com<ZhangWeiZ@LFLogistics.com>
zhangwenf.sha@syntrans.com<zhangwenf.sha@syntrans.com>
zhangyan.qd@sinotrans.com<zhangyan.qd@sinotrans.com>
ZHANGYAN@ontime.sh.cn<ZHANGYAN@ontime.sh.cn>
zhanhz@nj.de-well.com<zhanhz@nj.de-well.com>
zhaojiezhong@sinotrans.com<zhaojiezhong@sinotrans.com>
ZHAOXS<ZHAOXS@SINOTRANS.COM>
zhen.zhao@topideal.com.cn<zhen.zhao@topideal.com.cn>
zhl@xyshipping.com.cn<zhl@xyshipping.com.cn>
zhouchunxia@sinotrans.com<zhouchunxia@sinotrans.com>
zhoujingjing@chasenshipping.com<zhoujingjing@chasenshipping.com>
zhouwen@sinotrans.com<zhouwen@sinotrans.com>
zhouyan@oitco.com<zhouyan@oitco.com>
zhouyan@xyshipping.com.cn<zhouyan@xyshipping.com.cn>
zhouzw@sipgl-freight.com<zhouzw@sipgl-freight.com>
zhuxueqiang@sinowaychina.com<zhuxueqiang@sinowaychina.com>
zinnia.wang@cargo-partner.com<zinnia.wang@cargo-partner.com>
zjcathy52@zjcathy.com<zjcathy52@zjcathy.com>
zjingye@ups.com<zjingye@ups.com>
zljlisa@163.com<zljlisa@163.com>
zoe@nbhuabo.com<zoe@nbhuabo.com>
zoexunj@hlsholding.com.cn<zoexunj@hlsholding.com.cn>
zoez_sha@everest-china.com<zoez_sha@everest-china.com>
zoulingling@sinotrans.com<zoulingling@sinotrans.com>
zouq253@126.com<zouq253@126.com>
zs_jswanhong@163.com<zs_jswanhong@163.com>
zuoxiaochun@goodhonor.com<zuoxiaochun@goodhonor.com>
zwenjun@ups.com<zwenjun@ups.com>
zx.wang@fjymh.com<zx.wang@fjymh.com>
zxf@goodhonor.com<zxf@goodhonor.com>
zy@ctsfreight.com<zy@ctsfreight.com>
sea.europe.xmn@cn.mrspedag.com<sea.europe.xmn@cn.mrspedag.com>
sea@arl21.com<sea@arl21.com>
selena.wang@operasia.com<selena.wang@operasia.com>
selina.wei@dhl.com<selina.wei@dhl.com>
SERVICE0016@DUBAI-LOGISTICS.COM<SERVICE0016@DUBAI-LOGISTICS.COM>
seven.huang@dhl.com<seven.huang@dhl.com>
SFR@ZOSCONB.COM<SFR@ZOSCONB.COM>
sha.bkg5@worldwide-logistics.cn<sha.bkg5@worldwide-logistics.cn>
sha.eur@sh.aelbkm.com<sha.eur@sh.aelbkm.com>
SHA.LINESUP3@WORLDWIDE-LOGISTICS.CN<SHA.LINESUP3@WORLDWIDE-LOGISTICS.CN>
sha.lineus1@worldwide-logistics.cn<sha.lineus1@worldwide-logistics.cn>
sha.mxie@alpha-master.com<sha.mxie@alpha-master.com>
sha.nonoshi@worldwide-logistics.cn<sha.nonoshi@worldwide-logistics.cn>
sha.op1@hansa.com.cn<sha.op1@hansa.com.cn>
sha.shipping@bollore.com<sha.shipping@bollore.com>
sha.vickiyin@worldwide-logistics.cn<sha.vickiyin@worldwide-logistics.cn>
shacus1@wrcfreight.com<shacus1@wrcfreight.com>
sha-doc2@esllogistics.com.cn<sha-doc2@esllogistics.com.cn>
sha-doc5@cogentship.com<sha-doc5@cogentship.com>
shamkt2@htintl.net<shamkt2@htintl.net>
shanghai@trustmover.com<shanghai@trustmover.com>
shaop-33@portever.com<shaop-33@portever.com>
shaops3@eagletrans.com.hk<shaops3@eagletrans.com.hk>
sharly.shi@dhl.com<sharly.shi@dhl.com>
sharonbsj@163.com<sharonbsj@163.com>
sharon-nb@delfincargo.com<sharon-nb@delfincargo.com>
sharonxu@aglogistics.com.hk<sharonxu@aglogistics.com.hk>
shase@greencarrierasia.com.cn<shase@greencarrierasia.com.cn>
shaw.shao@expeditors.com<shaw.shao@expeditors.com>
shdoc1@sunway-logistics.com<shdoc1@sunway-logistics.com>
sheevschen@dynashalog.com<sheevschen@dynashalog.com>
shelly.ge@panalpina.com<shelly.ge@panalpina.com>
shelly.nb@ctsfreight.com<shelly.nb@ctsfreight.com>
shenby@szxcl.com.cn<shenby@szxcl.com.cn>
shenfeng@penavico-ccl.com<shenfeng@penavico-ccl.com>
shengty@ez-logistics.com<shengty@ez-logistics.com>
shenwp@sinotrans-zjg.com<shenwp@sinotrans-zjg.com>
sherry.shen.sha@blulogistics.cn<sherry.shen.sha@blulogistics.cn>
sherry.xie@jas.com<sherry.xie@jas.com>
sherry.xue_sha@hutchisonlogistics.com<sherry.xue_sha@hutchisonlogistics.com>
shfw@yjc.cn<shfw@yjc.cn>
shi_yijia@sf-orientil.com<shi_yijia@sf-orientil.com>
shipping1@sandaking.com<shipping1@sandaking.com>
shirley.kay@miq.com<shirley.kay@miq.com>
Shirley_Lin@apllogistics.com<Shirley_Lin@apllogistics.com>
shirleyzhao.sha@cn-asgroup.com<shirleyzhao.sha@cn-asgroup.com>
shofcop5@zencon.com.cn<shofcop5@zencon.com.cn>
shop6@cargotrans.cn<shop6@cargotrans.cn>
shunjian.pan@uniwill56.com<shunjian.pan@uniwill56.com>
silvia@nitrongroup.com<silvia@nitrongroup.com>
simon.chen@uml-china.com<simon.chen@uml-china.com>
sinotrans_jl90@163.com<sinotrans_jl90@163.com>
Siqi.Kang@geely.com<Siqi.Kang@geely.com>
sky.sea@oc-lines.com.cn<sky.sea@oc-lines.com.cn>
sky@sedis-logistics-china.com<sky@sedis-logistics-china.com>
skychen_sha@uif.com.hk<skychen_sha@uif.com.hk>
sll@yud.com.cn<sll@yud.com.cn>
smo@20cube.com<smo@20cube.com>
snxie@cn.hellmann.net<snxie@cn.hellmann.net>
solc666@163.com<solc666@163.com>
songxy@Geely.com<songxy@Geely.com>
sonne.sun@kerryeas.com<sonne.sun@kerryeas.com>
sony@westportshipping.com.qa<sony@westportshipping.com.qa>
sophielu@cdsningbo.com<sophielu@cdsningbo.com>
sphuang@cn.hellmann.net<sphuang@cn.hellmann.net>
spiekarski@upichem.com<spiekarski@upichem.com>
spikedai.sh@rslog.com.cn<spikedai.sh@rslog.com.cn>
spring.zhao@dbschenker.com<spring.zhao@dbschenker.com>
ss810@sh163.net<ss810@sh163.net>
st.tang@sdv.com<st.tang@sdv.com>
stacy.chen@dhl.com<stacy.chen@dhl.com>
stacychen@lynairlogistics.com.cn<stacychen@lynairlogistics.com.cn>
stella.sun@dongemar.com<stella.sun@dongemar.com>
stella@heung-a.com.cn<stella@heung-a.com.cn>
stella@pinkcitysilica.com<stella@pinkcitysilica.com>
stella-sha@embassyfreight.cn<stella-sha@embassyfreight.cn>
stephen.song.sha@blulogistics.cn<stephen.song.sha@blulogistics.cn>
stephen.sun@cn.dsv.com<stephen.sun@cn.dsv.com>
steven.li@panalpina.com<steven.li@panalpina.com>
suhu@scangl.cm<suhu@scangl.cm>
suki.zhang@expeditors.com<suki.zhang@expeditors.com>
summer.gu@spmlog.com.cn<summer.gu@spmlog.com.cn>
Summer.Luo@cn.dsv.com<Summer.Luo@cn.dsv.com>
summer@bcg.net.cn<summer@bcg.net.cn>
summerxu@lwwl.com.cn<summerxu@lwwl.com.cn>
sunchun@chengduchuangyuan.com<sunchun@chengduchuangyuan.com>
sundy@xmn.falcon-log.com<sundy@xmn.falcon-log.com>
SunHao@lflogistics.com<SunHao@lflogistics.com>
sunjg@npsel.com<sunjg@npsel.com>
sunny.liu@goreefers.cn<sunny.liu@goreefers.cn>
sunny_xiao@changshunissin.com<sunny_xiao@changshunissin.com>
sunny-jn.wu@dbschenker.com<sunny-jn.wu@dbschenker.com>
sunny-nb@delfincargo.com<sunny-nb@delfincargo.com>
sunny-sun@sha.kfkingfreight.com<sunny-sun@sha.kfkingfreight.com>
super15855@163.com<super15855@163.com>
superlym@foxmail.com<superlym@foxmail.com>
Susan.Cao@dhl.com<Susan.Cao@dhl.com>
susan@plusco.com.cn<susan@plusco.com.cn>
susan-sha@bvlogisticsinc.com<susan-sha@bvlogisticsinc.com>
suyang<suyang@agility.com>
svetlana_bochagova@mct-shipping.ru<svetlana_bochagova@mct-shipping.ru>
syao@crosstainer.com<syao@crosstainer.com>
sylvia.shi@kerryeas.com<sylvia.shi@kerryeas.com>
sz_vicky@regal-logistics.com.cn<sz_vicky@regal-logistics.com.cn>
szbkg-nbcn@ifbgroup.net.cn<szbkg-nbcn@ifbgroup.net.cn>
szcm05@sinooceancn.com<szcm05@sinooceancn.com>
szhang@betalinkasia.com<szhang@betalinkasia.com>
sz-kelly.xiong@helka.com.hk<sz-kelly.xiong@helka.com.hk>
sztop27@cntrans.cn<sztop27@cntrans.cn>
t.cui@cn.aprilenet.com<t.cui@cn.aprilenet.com>
tajin@cn.hellmann.net<tajin@cn.hellmann.net>
tao.zhang@uniwill56.com<tao.zhang@uniwill56.com>
Tasia_Yang@apllogistics.com<Tasia_Yang@apllogistics.com>
tavia@chc.eup.cn<tavia@chc.eup.cn>
ted.sha@panalpina.com<ted.sha@panalpina.com>
teresa.huang@sinoconnections.com<teresa.huang@sinoconnections.com>
terrence.yang@cn.ligentia.com<terrence.yang@cn.ligentia.com>
tianyue@sipg-hb.com<tianyue@sipg-hb.com>
Tim Tao<Tim.Tao@ciff.com.cn>
tim@itcschina.com<tim@itcschina.com>
Tina.1.Chen@sony.com<Tina.1.Chen@sony.com>
tina.yangqing@logwin-logistics.com<tina.yangqing@logwin-logistics.com>
tina@jinhangnb.com<tina@jinhangnb.com>
tina@speedasia.cn<tina@speedasia.cn>
tinaxu@sunway-logistics.com<tinaxu@sunway-logistics.com>
tiny.xie@dhl.com<tiny.xie@dhl.com>
tjhdw@126.com<tjhdw@126.com>
tll@sznfl.com<tll@sznfl.com>
tlwydy@163.com<tlwydy@163.com>
toby.wang@cn.yusen-logistics.com<toby.wang@cn.yusen-logistics.com>
tom.ryan@pfe-express.co.uk<tom.ryan@pfe-express.co.uk>
TomQ@Go2UTi.com<TomQ@Go2UTi.com>
tong@fullunion.com<tong@fullunion.com>
tongfang@sinotrans.com<tongfang@sinotrans.com>
tony.chen3@cevalogistics.com<tony.chen3@cevalogistics.com>
tony.lai@panalpina.com<tony.lai@panalpina.com>
tony.zhou@bollore.com<tony.zhou@bollore.com>
tonyzheng@lwwl.com.cn<tonyzheng@lwwl.com.cn>
toshiko1.ito@mitsubishi-motors.com<toshiko1.ito@mitsubishi-motors.com>
TRACY.XU.XSS@CN.YUSEN-LOGISTICS.COM<TRACY.XU.XSS@CN.YUSEN-LOGISTICS.COM>
tracy.xu@jas.com<tracy.xu@jas.com>
Tracy.zhang@kerryeas.com<Tracy.zhang@kerryeas.com>
tracychen@lwwl.com.cn<tracychen@lwwl.com.cn>
trista.tang@jas.com<trista.tang@jas.com>
tscs02<tscs02@hk-easy.com>
tt.qian@penavicont.com.cn<tt.qian@penavicont.com.cn>
tyd@zosconb.com<tyd@zosconb.com>
uolsha@foxmail.com<uolsha@foxmail.com>
uriyu2006@gmail.com<uriyu2006@gmail.com>
VBOUVIER<VBOUVIER@REUNION-TRANSIT.COM>
venial.cai<venial.cai@expeditors.com>
Tsui, Venus<Venus.Tsui@marks-and-spencer.com>
veron.zhu@kerryeas.com<veron.zhu@kerryeas.com>
vhu@agility.com<vhu@agility.com>
vicky.zhang@ciff.com.cn<vicky.zhang@ciff.com.cn>
vicky@eiffxmn.com.cn<vicky@eiffxmn.com.cn>
victoria.wei@dbschenker.com<victoria.wei@dbschenker.com>
victoriachow<victoriachow@cargofe.com>
villy.lian@expeditors.com<villy.lian@expeditors.com>
vina_li@tglogistics.net<vina_li@tglogistics.net>
vincent.du@panalpina.com<vincent.du@panalpina.com>
vincent@eiffnjg.com.cn<vincent@eiffnjg.com.cn>
vincent_sha@dxshipping.com<vincent_sha@dxshipping.com>
vincentjin@regal-logistics.com.cn<vincentjin@regal-logistics.com.cn>
vinky@ctlxm.com<vinky@ctlxm.com>
virgo.xu@bollore.com<virgo.xu@bollore.com>
vivi.tang@apexshipping.com.cn<vivi.tang@apexshipping.com.cn>
vivi@kaiyulogistics.com<vivi@kaiyulogistics.com>
vivi@sinotrans.com<vivi@sinotrans.com>
vivi_xi@lassurex.com<vivi_xi@lassurex.com>
vivian.lu@dbschenker.com<vivian.lu@dbschenker.com>
vivian.zhang@kerryeas.com<vivian.zhang@kerryeas.com>
vivian.zhou@kuehne-nagel.com<vivian.zhou@kuehne-nagel.com>
vivien.wang@panalpina.com<vivien.wang@panalpina.com>
vivien.zhou@dachser.com.cn<vivien.zhou@dachser.com.cn>
vsha@shipco.com<vsha@shipco.com>
walt.wu@dhl.com<walt.wu@dhl.com>
wang.wenwen@daikin.net.cn<wang.wenwen@daikin.net.cn>
wangcx@hitachi-transportsystem.com.cn<wangcx@hitachi-transportsystem.com.cn>
wangfangzj@sinotrans.com<wangfangzj@sinotrans.com>
WangHanBo@lflogistics.com<WangHanBo@lflogistics.com>
wangjun2@penaviconb.com<wangjun2@penaviconb.com>
wangny<wangny@nbtos.com>
WangWeiMeng@lflogistics.com<WangWeiMeng@lflogistics.com>
wangwenjie@sipg-hb.com<wangwenjie@sipg-hb.com>
wangxiafei@tandemgloballogistics.cn<wangxiafei@tandemgloballogistics.cn>
wangxianting@shexpress.cn<wangxianting@shexpress.cn>
wangxiaohua@honto.com.cn<wangxiaohua@honto.com.cn>
wanshi@sinotrans.com<wanshi@sinotrans.com>
warrenxu@cargofe.com.cn<warrenxu@cargofe.com.cn>
wdgyfz@penalogi.com<wdgyfz@penalogi.com>
weiyt@npsel.com<weiyt@npsel.com>
wenbin.shen@dhl.com<wenbin.shen@dhl.com>
wendy.jin@sekologistics.com<wendy.jin@sekologistics.com>
wendyweng@topocean.com.cn<wendyweng@topocean.com.cn>
wenlian.li@pantos.com<wenlian.li@pantos.com>
WGuo@cn.hellmann.net<WGuo@cn.hellmann.net>
wgzhao@cn.hellmann.net<wgzhao@cn.hellmann.net>
wh.zhou@penavicont.com.cn<wh.zhou@penavicont.com.cn>
wheel-sh@delfincargo.com<wheel-sh@delfincargo.com>
will.luo@panalpina.com<will.luo@panalpina.com>
Will_Dai@apllogistics.com<Will_Dai@apllogistics.com>
Will_Wang<Will_Wang@apllogistics.com>
willaleung@triple-eagle.com<willaleung@triple-eagle.com>
william_pang@homedepot.com<william_pang@homedepot.com>
win<win@etcline.com>
Winnie.Lee@bissell.com<Winnie.Lee@bissell.com>
wisteria.liu@dhl.com<wisteria.liu@dhl.com>
wli@matson.com<wli@matson.com>
wnlee@cn.hellmann.net<wnlee@cn.hellmann.net>
Wolf.Fan@cn.dsv.com<Wolf.Fan@cn.dsv.com>
worldexpress_tony@vip.163.com<worldexpress_tony@vip.163.com>
wsl6.sha@syntrans.com<wsl6.sha@syntrans.com>
wslop1.sha@syntrans.com<wslop1.sha@syntrans.com>
wstdzy@yeah.net<wstdzy@yeah.net>
wuhao@shgoldenhope.com<wuhao@shgoldenhope.com>
wuxiaodong1118@126.com<wuxiaodong1118@126.com>
wyj.sh@tjanhai.com<wyj.sh@tjanhai.com>
xia.llm@walmay.com<xia.llm@walmay.com>
xia.zhao@pantos.com<xia.zhao@pantos.com>
xiamen@fasticgroup.com<xiamen@fasticgroup.com>
xiamen1@dynastyshipping.com<xiamen1@dynastyshipping.com>
Xiangyu.Wang@geely.com<Xiangyu.Wang@geely.com>
xiaohong_zheng@livi-virony.com<xiaohong_zheng@livi-virony.com>
xiaojianrong66@126.com<xiaojianrong66@126.com>
xiaoting.gu@midea.com.cn<xiaoting.gu@midea.com.cn>
xiaowen_ding@feiliks.com<xiaowen_ding@feiliks.com>
xiaoyu.gu@pantos.com<xiaoyu.gu@pantos.com>
xieruiting@sitc.com<xieruiting@sitc.com>
xieyong@sinotrans.com<xieyong@sinotrans.com>
xixi.wu@cn.ligentia.com<xixi.wu@cn.ligentia.com>
xj.wang@pantos.com<xj.wang@pantos.com>
xmdoc3@pudongprime.com<xmdoc3@pudongprime.com>
xmn.candy@ffc-international.com<xmn.candy@ffc-international.com>
xmn.jameszhan@worldwide-logistics.cn<xmn.jameszhan@worldwide-logistics.cn>
xmn.ops3@worldwide-logistics.cn<xmn.ops3@worldwide-logistics.cn>
xmn@etcline.com<xmn@etcline.com>
xmn_op1@operasia.com<xmn_op1@operasia.com>
xmn-hedyyang@parisigs.com<xmn-hedyyang@parisigs.com>
XMNNVOCC@CARGOFE.COM.CN<XMNNVOCC@CARGOFE.COM.CN>
xmn-tina@esllogistics.com.cn<xmn-tina@esllogistics.com.cn>
xm-tracy.fang@helka.com.hk<xm-tracy.fang@helka.com.hk>
xu.jieli@daikin.net.cn<xu.jieli@daikin.net.cn>
xu_chen@freightusystem.com<xu_chen@freightusystem.com>
xuanyy<xuanyy@midea.com.cn>
xubiao@npsel.com<xubiao@npsel.com>
xucl.sha@syntrans.com<xucl.sha@syntrans.com>
xudan@zj.de-well.com<xudan@zj.de-well.com>
xulh@cetjd.com<xulh@cetjd.com>
xumingyue1126@163.com<xumingyue1126@163.com>
xuweidan@sinotrans.com<xuweidan@sinotrans.com>
xuwen@expologistics.com.cn<xuwen@expologistics.com.cn>
xuxianli@lflogistics.com<xuxianli@lflogistics.com>
Ya_xiu_annie_lin@apllogistics.com<Ya_xiu_annie_lin@apllogistics.com>
yanb518@163.com<yanb518@163.com>
yangj@zosconb.com<yangj@zosconb.com>
yangjialin@sinotrans.com<yangjialin@sinotrans.com>
yangrongyan@lflogistics.com<yangrongyan@lflogistics.com>
yanhua@zsrunning.com<yanhua@zsrunning.com>
yanjl@chaoyang.com<yanjl@chaoyang.com>
yaodi198@126.com<yaodi198@126.com>
yaya-sh@delfincargo.com<yaya-sh@delfincargo.com>
ybjh@adp.com.cn<ybjh@adp.com.cn>
YeFeiYF@lflogistics.com<YeFeiYF@lflogistics.com>
yefengying@sino-forwarding.com<yefengying@sino-forwarding.com>
yelu@nbpif.com<yelu@nbpif.com>
yenna.tan<yenna.tan@uni-might.com>
yeqingqing@sinotrans.com<yeqingqing@sinotrans.com>
ygchen@cn.hellmann.net<ygchen@cn.hellmann.net>
yijing38687386@126.com<yijing38687386@126.com>
yilan.zhang@ctsfreight.com<yilan.zhang@ctsfreight.com>
yimengsales12@163.com<yimengsales12@163.com>
ying.ji@uniwill56.com<ying.ji@uniwill56.com>
ying.lu@jtlline.com<ying.lu@jtlline.com>
yinting@chinasailing-yz.com.cn<yinting@chinasailing-yz.com.cn>
yjiang@agility.com<yjiang@agility.com>
ylcn_kfs_sha@cn.yusen-logistics.com<ylcn_kfs_sha@cn.yusen-logistics.com>
Yoko_Chi@apllogistics.com<Yoko_Chi@apllogistics.com>
yolanda.chen@kuehne-nagel.com<yolanda.chen@kuehne-nagel.com>
yongjun_lu@askey.com.tw<yongjun_lu@askey.com.tw>
yoyo.fan@dg-transport.com<yoyo.fan@dg-transport.com>
yoyo.nan@kuehne-nagel.com<yoyo.nan@kuehne-nagel.com>
yt601@sinotrans.com<yt601@sinotrans.com>
ytlboka1@sinotrans.com<ytlboka1@sinotrans.com>
yu.yu@pantos.com<yu.yu@pantos.com>
yuanchunxia@sinotrans.com<yuanchunxia@sinotrans.com>
yuandan@chasenshipping.com<yuandan@chasenshipping.com>
yuanfang.nb@eumexgroup.com<yuanfang.nb@eumexgroup.com>
yuanxia_1984@163.com<yuanxia_1984@163.com>
YUANYUAN@lflogistics.com<YUANYUAN@lflogistics.com>
yucia.jx@amassfreight.com<yucia.jx@amassfreight.com>
yuki.yuan.sha@blulogistics.cn<yuki.yuan.sha@blulogistics.cn>
yukichen@shpdtrans.com<yukichen@shpdtrans.com>
yukilam@cargofe.com<yukilam@cargofe.com>
yuqi@lflogistics.com<yuqi@lflogistics.com>
yuting@shgoldenhope.com<yuting@shgoldenhope.com>
yuweiwei@sinotrans.com<yuweiwei@sinotrans.com>
YuYang.Ma@kerryeas.com<YuYang.Ma@kerryeas.com>
yuzhang@sinotrans.com<yuzhang@sinotrans.com>
yvonnez_sha@everokgroup.com<yvonnez_sha@everokgroup.com>
yzhang33@volvocars.com<yzhang33@volvocars.com>
zcpd_shirly@163.com<zcpd_shirly@163.com>
zero.chan@apexshipping.com.cn<zero.chan@apexshipping.com.cn>
zhandan@chinasailing-yz.com.cn<zhandan@chinasailing-yz.com.cn>
Ting Janice Zhang<Janice.Zhang@maersk.com>
zhanghua@npsel.com<zhanghua@npsel.com>
ZhangQiuYa@LFLogistics.com<ZhangQiuYa@LFLogistics.com>
zhangruohan@sipg-hb.com<zhangruohan@sipg-hb.com>
zhangtingjiao@sinotrans.com<zhangtingjiao@sinotrans.com>
zhangy@sinotrans.com<zhangy@sinotrans.com>
zhangye@ettrans.com<zhangye@ettrans.com>
zhangyukang@sinotrans.com<zhangyukang@sinotrans.com>
ZHAO<ZHAO@HANOCEANSHA.COM>
zhaochy@coscologistics.sh.cn<zhaochy@coscologistics.sh.cn>
zhaofang@iplinternational.com<zhaofang@iplinternational.com>
zhaojue@kaihom.com<zhaojue@kaihom.com>
zhaoqing@kaitong.net<zhaoqing@kaitong.net>
zhaoxia@ups.com<zhaoxia@ups.com>
zhaoxuefei@sinotrans.com<zhaoxuefei@sinotrans.com>
zhenghao@sinotrans.com<zhenghao@sinotrans.com>
zhihan1000@126.com<zhihan1000@126.com>
zhoujj@chinasailing-js.com.cn<zhoujj@chinasailing-js.com.cn>
zhouq@sipgl-freight.com<zhouq@sipgl-freight.com>
zhu_yifeng@sf-orientil.com<zhu_yifeng@sf-orientil.com>
zhuangfangxian@sinotrans.com<zhuangfangxian@sinotrans.com>
zhuhm@dtw.com.cn<zhuhm@dtw.com.cn>
zhujianfen@kaitong.net<zhujianfen@kaitong.net>
zhujj@penavico-ccl.com<zhujj@penavico-ccl.com>
zhurh@sipgl-freight.com<zhurh@sipgl-freight.com>
zhuya@js-everrich.com.cn<zhuya@js-everrich.com.cn>
zhuyan@sinotrans-mingzhou.com<zhuyan@sinotrans-mingzhou.com>
zhuys@huayunchina.com<zhuys@huayunchina.com>
zhuzhaoyu@sinotrans.com<zhuzhaoyu@sinotrans.com>
zita.shen@cargo-partner.com<zita.shen@cargo-partner.com>
zkj_tz@sinotrans.com<zkj_tz@sinotrans.com>
zlj@nbgly.com<zlj@nbgly.com>
ZMo@agility.com<ZMo@agility.com>
'Zoe Lin-CIFF XM'<zoe.lin@ciff.com.cn>
zoe@yatarifz.cn<zoe@yatarifz.cn>
zoenn886@zoenn.com<zoenn886@zoenn.com>
zoezhou.nb@francovagochina.com<zoezhou.nb@francovagochina.com>
zyy@zosconb.com<zyy@zosconb.com>
daniel.liu@homelife-sha.com<daniel.liu@homelife-sha.com>
30396553@qq.com<30396553@qq.com>
sana-xm@etcline.com<sana-xm@etcline.com>
LINA@NBUIFC.COM<LINA@NBUIFC.COM>
sunny@nuifc.com<sunny@nuifc.com>
msk_operator@jf-leader.com<msk_operator@jf-leader.com>
op2@flyfarther.cn<op2@flyfarther.cn>
op7@flyfarther.cn<op7@flyfarther.cn>
op8@flyfarther.cn<op8@flyfarther.cn>
lucychen.nb@safround.com<lucychen.nb@safround.com>
phinex.he@parfois.com<phinex.he@parfois.com>
Gary.Zhong@dhl.com<Gary.Zhong@dhl.com>
stella_liuxy@apllogistics.com<stella_liuxy@apllogistics.com>
kama_szx@mrflogistics.com<kama_szx@mrflogistics.com>
xmjoey@infinitycgo.com<xmjoey@infinitycgo.com>
oversea5@will-global.com<oversea5@will-global.com>
ly-nb@flyfarther.net.cn<ly-nb@flyfarther.net.cn>
op1@flyfarther.cn<op1@flyfarther.cn>
op13@flyfarther.cn<op13@flyfarther.cn>
op15@flyfarther.cn<op15@flyfarther.cn>
jessiewang.nb@safround.com<jessiewang.nb@safround.com>
shevasrong.nb@safround.com<shevasrong.nb@safround.com>
tracyrong.nb@safround.com<tracyrong.nb@safround.com>
